时间戳,气压(MPa),蓄压(ms),雾化(ms),爆破(ms),扫膛(ms),TOF_raw(ms)
2026-06-17 17:24:06,0.100,2800,193,50,50,4921.28
2026-06-17 17:32:33,0.100,2800,193,50,50,40.55
2026-06-17 17:32:55,0.100,2800,193,50,50,42.29
2026-06-17 20:19:04,0.100,2800,193,50,50,38.83
2026-06-17 20:19:09,0.100,2800,193,50,50,51.67
2026-06-17 20:19:17,0.100,2800,193,50,50,17.42
2026-06-17 20:19:28,0.100,2800,193,50,50,26.64
2026-06-17 20:22:28,0.100,2800,193,50,50,8.70
2026-06-17 20:23:24,0.100,2800,193,50,50,12.85
2026-06-17 20:23:43,0.100,2800,193,50,50,25.85
2026-06-17 20:24:11,0.100,2800,193,50,50,46.01
2026-06-17 20:24:24,0.100,2800,193,50,50,33.78
2026-06-17 20:24:59,0.100,2800,193,50,50,58.75
2026-06-17 20:25:12,0.100,2800,193,50,50,67.11
2026-06-17 20:25:31,0.100,2800,193,50,50,2.90
2026-06-17 20:25:45,0.100,2800,193,50,50,31.98
2026-06-17 20:26:04,0.100,2800,193,50,50,21.56
2026-06-17 20:26:16,0.100,2800,193,50,50,23.49
2026-06-17 20:26:36,0.100,2800,193,50,50,45.46
2026-06-17 20:26:54,0.100,2800,193,50,50,57.79
2026-06-17 20:27:20,0.100,2800,193,50,50,36.43
2026-06-17 20:27:31,0.100,2800,193,50,50,6.63
2026-06-17 20:27:46,0.100,2800,193,50,50,27.08
2026-06-17 20:27:57,0.100,2800,193,50,50,29.80
2026-06-17 20:28:14,0.100,2800,193,50,50,35.87
2026-06-17 20:28:26,0.100,2800,193,50,50,59.85
2026-06-17 20:28:41,0.100,2800,193,50,50,56.34
2026-06-17 20:28:51,0.100,2800,193,50,50,61.41
2026-06-17 20:29:00,0.100,2800,193,50,50,18.09
2026-06-17 20:29:06,0.100,2800,193,50,50,58.15
2026-06-17 20:29:15,0.100,2800,193,50,50,11.57
2026-06-17 20:29:20,0.100,2800,193,50,50,48.45
2026-06-17 20:29:26,0.100,2800,193,50,50,48.68
2026-06-17 20:29:40,0.100,2800,193,50,50,51.70
2026-06-17 20:29:47,0.100,2800,193,50,50,23.43
2026-06-17 20:30:08,0.100,2800,193,50,50,58.98
2026-06-17 20:30:17,0.100,2800,193,50,50,44.55
2026-06-17 20:30:23,0.100,2800,193,50,50,20.17
2026-06-17 20:30:29,0.100,2800,193,50,50,36.14
2026-06-17 20:30:36,0.100,2800,193,50,50,45.54
2026-06-17 20:30:43,0.100,2800,193,50,50,42.65
2026-06-17 20:31:24,0.100,2800,193,50,50,27.86
2026-06-17 20:31:32,0.100,2800,193,50,50,18.16
2026-06-17 20:31:39,0.100,2800,193,50,50,14.83
2026-06-17 20:31:47,0.100,2800,193,50,50,31.03
2026-06-17 20:31:53,0.100,2800,193,50,50,43.34
2026-06-17 20:31:59,0.100,2800,193,50,50,43.33
2026-06-17 20:32:06,0.100,2800,193,50,50,10.09
2026-06-17 20:32:12,0.100,2800,193,50,50,51.30
2026-06-18 14:02:30,0.100,2800,193,50,50,8629.97
2026-06-18 14:03:09,0.100,2800,193,50,50,16285.14
2026-06-18 14:03:35,0.100,2800,193,50,50,16312.52
2026-06-18 14:04:41,0.100,2800,193,50,50,16345.08
2026-06-18 14:05:14,0.100,2800,193,50,50,16185.31
2026-06-18 15:42:41,0.100,2800,193,50,50,16487.53
2026-06-18 15:42:41,0.100,2800,193,50,50,16654.53
2026-06-18 15:42:41,0.100,2800,193,50,50,16717.16
2026-06-18 15:42:41,0.100,2800,193,50,50,16793.57
2026-06-18 15:42:42,0.100,2800,193,50,50,16871.26
2026-06-18 15:42:42,0.100,2800,193,50,50,16932.81
2026-06-18 15:42:42,0.100,2800,193,50,50,16983.46
2026-06-18 15:42:42,0.100,2800,193,50,50,17057.55
2026-06-18 15:42:42,0.100,2800,193,50,50,17108.55
2026-06-18 15:42:42,0.100,2800,193,50,50,17181.66
2026-06-18 15:42:42,0.100,2800,193,50,50,17244.38
2026-06-18 15:42:42,0.100,2800,193,50,50,17306.19
2026-06-18 15:42:42,0.100,2800,193,50,50,17368.49
2026-06-18 15:42:42,0.100,2800,193,50,50,17430.81
2026-06-18 15:42:42,0.100,2800,193,50,50,17493.13
2026-06-18 15:42:42,0.100,2800,193,50,50,17555.30
2026-06-18 15:42:42,0.100,2800,193,50,50,17650.83
2026-06-18 15:42:42,0.100,2800,193,50,50,17683.35
2026-06-18 15:42:42,0.100,2800,193,50,50,17741.90
2026-06-18 15:42:42,0.100,2800,193,50,50,17803.74
2026-06-18 15:42:43,0.100,2800,193,50,50,17865.27
2026-06-18 15:42:43,0.100,2800,193,50,50,17929.06
2026-06-18 15:42:43,0.100,2800,193,50,50,17987.97
2026-06-18 15:42:43,0.100,2800,193,50,50,18053.24
2026-06-18 15:42:43,0.100,2800,193,50,50,18115.88
2026-06-18 15:42:43,0.100,2800,193,50,50,18177.76
2026-06-18 15:42:43,0.100,2800,193,50,50,18240.67
2026-06-18 15:42:43,0.100,2800,193,50,50,18303.42
2026-06-18 15:42:43,0.100,2800,193,50,50,18368.80
2026-06-18 15:42:43,0.100,2800,193,50,50,18429.50
2026-06-18 15:42:43,0.100,2800,193,50,50,18492.13
2026-06-18 15:42:43,0.100,2800,193,50,50,18554.45
2026-06-18 15:42:43,0.100,2800,193,50,50,18653.78
2026-06-18 15:42:43,0.100,2800,193,50,50,18677.48
2026-06-18 15:42:43,0.100,2800,193,50,50,18744.42
2026-06-18 15:42:43,0.100,2800,193,50,50,18806.37
2026-06-18 15:42:44,0.100,2800,193,50,50,18868.34
2026-06-18 15:42:44,0.100,2800,193,50,50,18929.25
2026-06-18 15:42:44,0.100,2800,193,50,50,18991.57
2026-06-18 15:42:44,0.100,2800,193,50,50,19055.42
2026-06-18 15:42:44,0.100,2800,193,50,50,19116.84
2026-06-18 15:42:44,0.100,2800,193,50,50,19179.72
2026-06-18 15:42:44,0.100,2800,193,50,50,19241.99
2026-06-18 15:42:44,0.100,2800,193,50,50,19302.98
2026-06-18 15:42:44,0.100,2800,193,50,50,19365.25
2026-06-18 15:42:44,0.100,2800,193,50,50,19428.48
2026-06-18 15:42:44,0.100,2800,193,50,50,19490.60
2026-06-18 15:42:44,0.100,2800,193,50,50,19552.58
2026-06-18 15:42:44,0.100,2800,193,50,50,19615.17
2026-06-18 15:42:44,0.100,2800,193,50,50,19676.47
2026-06-18 15:42:44,0.100,2800,193,50,50,19738.73
2026-06-18 15:42:44,0.100,2800,193,50,50,19801.82
2026-06-18 15:42:45,0.100,2800,193,50,50,19863.49
2026-06-18 15:42:45,0.100,2800,193,50,50,19925.32
2026-06-18 15:42:45,0.100,2800,193,50,50,19987.92
2026-06-18 15:42:45,0.100,2800,193,50,50,20050.39
2026-06-18 15:42:45,0.100,2800,193,50,50,20139.40
2026-06-18 15:42:45,0.100,2800,193,50,50,20174.98
2026-06-18 15:42:45,0.100,2800,193,50,50,20237.03
2026-06-18 15:42:45,0.100,2800,193,50,50,20298.42
2026-06-18 15:42:45,0.100,2800,193,50,50,20360.62
2026-06-18 15:42:45,0.100,2800,193,50,50,20423.16
2026-06-18 15:42:45,0.100,2800,193,50,50,20484.88
2026-06-18 15:42:45,0.100,2800,193,50,50,20547.35
2026-06-18 15:42:45,0.100,2800,193,50,50,20610.27
2026-06-18 15:42:45,0.100,2800,193,50,50,20672.72
2026-06-18 15:42:45,0.100,2800,193,50,50,20734.85
2026-06-18 15:42:45,0.100,2800,193,50,50,20795.51
2026-06-18 15:42:46,0.100,2800,193,50,50,20859.04
2026-06-18 15:42:46,0.100,2800,193,50,50,20919.11
2026-06-18 15:42:46,0.100,2800,193,50,50,20981.47
2026-06-18 15:42:46,0.100,2800,193,50,50,21043.57
2026-06-18 15:42:46,0.100,2800,193,50,50,21105.86
2026-06-18 15:42:46,0.100,2800,193,50,50,21182.19
2026-06-18 15:42:46,0.100,2800,193,50,50,21246.15
2026-06-18 15:42:46,0.100,2800,193,50,50,21306.91
2026-06-18 15:42:46,0.100,2800,193,50,50,21369.98
2026-06-18 15:42:46,0.100,2800,193,50,50,21431.83
2026-06-18 15:42:46,0.100,2800,193,50,50,21493.71
2026-06-18 15:42:46,0.100,2800,193,50,50,21556.08
2026-06-18 15:42:46,0.100,2800,193,50,50,21618.34
2026-06-18 15:42:46,0.100,2800,193,50,50,21680.06
2026-06-18 15:42:46,0.100,2800,193,50,50,21742.34
2026-06-18 15:42:46,0.100,2800,193,50,50,21803.67
2026-06-18 15:42:47,0.100,2800,193,50,50,21867.35
2026-06-18 15:42:47,0.100,2800,193,50,50,21928.91
2026-06-18 15:42:47,0.100,2800,193,50,50,21992.44
2026-06-18 15:42:47,0.100,2800,193,50,50,22053.60
2026-06-18 15:42:47,0.100,2800,193,50,50,22115.89
2026-06-18 15:42:47,0.100,2800,193,50,50,22178.37
2026-06-18 15:42:47,0.100,2800,193,50,50,22240.57
2026-06-18 15:42:47,0.100,2800,193,50,50,22303.50
2026-06-18 15:42:47,0.100,2800,193,50,50,22365.31
2026-06-18 15:42:47,0.100,2800,193,50,50,22428.51
2026-06-18 15:42:47,0.100,2800,193,50,50,22490.56
2026-06-18 15:42:47,0.100,2800,193,50,50,22551.75
2026-06-18 15:42:47,0.100,2800,193,50,50,22615.23
2026-06-18 15:42:47,0.100,2800,193,50,50,22677.99
2026-06-18 15:42:47,0.100,2800,193,50,50,22740.76
2026-06-18 15:42:47,0.100,2800,193,50,50,22802.84
2026-06-18 15:42:48,0.100,2800,193,50,50,22866.27
2026-06-18 15:42:48,0.100,2800,193,50,50,22928.40
2026-06-18 15:42:48,0.100,2800,193,50,50,22989.48
2026-06-18 15:42:48,0.100,2800,193,50,50,23051.12
2026-06-18 15:42:48,0.100,2800,193,50,50,23113.73
2026-06-18 15:42:48,0.100,2800,193,50,50,23176.41
2026-06-18 15:42:48,0.100,2800,193,50,50,23238.90
2026-06-18 15:42:48,0.100,2800,193,50,50,23301.08
2026-06-18 15:42:48,0.100,2800,193,50,50,23362.71
2026-06-18 15:42:48,0.100,2800,193,50,50,23423.87
2026-06-18 15:42:48,0.100,2800,193,50,50,23485.96
2026-06-18 15:42:48,0.100,2800,193,50,50,23547.46
2026-06-18 15:42:48,0.100,2800,193,50,50,23641.43
2026-06-18 15:42:48,0.100,2800,193,50,50,23672.12
2026-06-18 15:42:48,0.100,2800,193,50,50,23734.90
2026-06-18 15:42:48,0.100,2800,193,50,50,23798.91
2026-06-18 15:42:49,0.100,2800,193,50,50,23861.88
2026-06-18 15:42:49,0.100,2800,193,50,50,23923.62
2026-06-18 15:42:49,0.100,2800,193,50,50,23984.38
2026-06-18 15:42:49,0.100,2800,193,50,50,24046.51
2026-06-18 15:42:49,0.100,2800,193,50,50,24108.60
2026-06-18 15:42:49,0.100,2800,193,50,50,24171.94
2026-06-18 15:42:49,0.100,2800,193,50,50,24234.41
2026-06-18 15:42:49,0.100,2800,193,50,50,24295.94
2026-06-18 15:42:49,0.100,2800,193,50,50,24359.13
2026-06-18 15:42:49,0.100,2800,193,50,50,24422.55
2026-06-18 15:42:49,0.100,2800,193,50,50,24484.35
2026-06-18 15:42:49,0.100,2800,193,50,50,24547.76
2026-06-18 15:42:49,0.100,2800,193,50,50,24739.53
2026-06-18 15:42:49,0.100,2800,193,50,50,24795.48
2026-06-18 15:42:50,0.100,2800,193,50,50,24858.58
2026-06-18 15:42:50,0.100,2800,193,50,50,24919.62
2026-06-18 15:42:50,0.100,2800,193,50,50,24982.79
2026-06-18 15:42:50,0.100,2800,193,50,50,25045.32
2026-06-18 15:42:50,0.100,2800,193,50,50,25106.31
2026-06-18 15:42:50,0.100,2800,193,50,50,25169.02
2026-06-18 15:42:50,0.100,2800,193,50,50,25231.71
2026-06-18 15:42:50,0.100,2800,193,50,50,25295.22
2026-06-18 15:42:50,0.100,2800,193,50,50,25370.90
2026-06-18 15:42:50,0.100,2800,193,50,50,25434.22
2026-06-18 15:42:50,0.100,2800,193,50,50,25496.41
2026-06-18 15:42:50,0.100,2800,193,50,50,25544.28
2026-06-18 15:42:50,0.100,2800,193,50,50,25607.29
2026-06-18 15:42:50,0.100,2800,193,50,50,25668.39
2026-06-18 15:42:50,0.100,2800,193,50,50,25731.26
2026-06-18 15:42:50,0.100,2800,193,50,50,25806.38
2026-06-18 15:42:51,0.100,2800,193,50,50,25868.42
2026-06-18 15:42:51,0.100,2800,193,50,50,25929.27
2026-06-18 15:42:51,0.100,2800,193,50,50,25991.31
2026-06-18 15:42:51,0.100,2800,193,50,50,26054.17
2026-06-18 15:42:51,0.100,2800,193,50,50,26116.98
2026-06-18 15:42:51,0.100,2800,193,50,50,26180.54
2026-06-18 15:42:51,0.100,2800,193,50,50,26242.53
2026-06-18 15:42:51,0.100,2800,193,50,50,26305.43
2026-06-18 15:42:51,0.100,2800,193,50,50,26368.69
2026-06-18 15:42:51,0.100,2800,193,50,50,26429.09
2026-06-18 15:42:51,0.100,2800,193,50,50,26491.94
2026-06-18 15:42:51,0.100,2800,193,50,50,26554.04
2026-06-18 15:42:51,0.100,2800,193,50,50,26614.57
2026-06-18 15:42:51,0.100,2800,193,50,50,26676.55
2026-06-18 15:42:51,0.100,2800,193,50,50,26738.65
2026-06-18 15:42:51,0.100,2800,193,50,50,26800.88
2026-06-18 15:42:52,0.100,2800,193,50,50,26863.90
2026-06-18 15:42:52,0.100,2800,193,50,50,26925.89
2026-06-18 15:42:52,0.100,2800,193,50,50,26987.72
2026-06-18 15:42:52,0.100,2800,193,50,50,27050.15
2026-06-18 15:42:52,0.100,2800,193,50,50,27158.30
2026-06-18 15:42:52,0.100,2800,193,50,50,27180.92
2026-06-18 15:42:52,0.100,2800,193,50,50,27235.54
2026-06-18 15:42:52,0.100,2800,193,50,50,27298.20
2026-06-18 15:42:52,0.100,2800,193,50,50,27359.41
2026-06-18 15:42:52,0.100,2800,193,50,50,27421.94
2026-06-18 15:42:52,0.100,2800,193,50,50,27484.19
2026-06-18 15:42:52,0.100,2800,193,50,50,27547.48
2026-06-18 15:42:52,0.100,2800,193,50,50,27608.49
2026-06-18 15:42:52,0.100,2800,193,50,50,27670.57
2026-06-18 15:42:52,0.100,2800,193,50,50,27732.36
2026-06-18 15:42:52,0.100,2800,193,50,50,27794.67
2026-06-18 15:42:53,0.100,2800,193,50,50,27871.02
2026-06-18 15:42:53,0.100,2800,193,50,50,27931.80
2026-06-18 15:42:53,0.100,2800,193,50,50,27994.13
2026-06-18 15:42:53,0.100,2800,193,50,50,28055.99
2026-06-18 15:42:53,0.100,2800,193,50,50,28118.11
2026-06-18 15:42:53,0.100,2800,193,50,50,28180.98
2026-06-18 15:42:53,0.100,2800,193,50,50,28243.78
2026-06-18 15:42:53,0.100,2800,193,50,50,28305.56
2026-06-18 15:42:53,0.100,2800,193,50,50,28367.75
2026-06-18 15:42:53,0.100,2800,193,50,50,28428.92
2026-06-18 15:42:53,0.100,2800,193,50,50,28492.23
2026-06-18 15:42:53,0.100,2800,193,50,50,28554.26
2026-06-18 15:42:53,0.100,2800,193,50,50,28664.55
2026-06-18 15:42:53,0.100,2800,193,50,50,28686.19
2026-06-18 15:42:53,0.100,2800,193,50,50,28742.27
2026-06-18 15:42:53,0.100,2800,193,50,50,28804.11
2026-06-18 15:42:54,0.100,2800,193,50,50,28866.90
2026-06-18 15:42:54,0.100,2800,193,50,50,28920.89
2026-06-18 15:42:54,0.100,2800,193,50,50,28989.66
2026-06-18 15:42:54,0.100,2800,193,50,50,29051.23
2026-06-18 15:42:54,0.100,2800,193,50,50,29114.25
2026-06-18 15:42:54,0.100,2800,193,50,50,29175.79
2026-06-18 15:42:54,0.100,2800,193,50,50,29238.53
2026-06-18 15:42:54,0.100,2800,193,50,50,29300.54
2026-06-18 15:42:54,0.100,2800,193,50,50,29361.83
2026-06-18 15:42:54,0.100,2800,193,50,50,29425.51
2026-06-18 15:42:54,0.100,2800,193,50,50,29487.51
2026-06-18 15:42:54,0.100,2800,193,50,50,29550.66
2026-06-18 15:42:54,0.100,2800,193,50,50,29612.29
2026-06-18 15:42:54,0.100,2800,193,50,50,29673.53
2026-06-18 15:42:54,0.100,2800,193,50,50,29735.94
2026-06-18 15:42:54,0.100,2800,193,50,50,29797.33
2026-06-18 15:42:55,0.100,2800,193,50,50,29861.36
2026-06-18 15:42:55,0.100,2800,193,50,50,29923.67
2026-06-18 15:42:55,0.100,2800,193,50,50,29986.00
2026-06-18 15:42:55,0.100,2800,193,50,50,30048.33
2026-06-18 15:42:55,0.100,2800,193,50,50,30111.19
2026-06-18 15:42:55,0.100,2800,193,50,50,30172.27
2026-06-18 15:42:55,0.100,2800,193,50,50,30233.84
2026-06-18 15:42:55,0.100,2800,193,50,50,30295.19
2026-06-18 15:42:55,0.100,2800,193,50,50,30357.38
2026-06-18 15:42:55,0.100,2800,193,50,50,30420.33
2026-06-18 15:42:55,0.100,2800,193,50,50,30482.56
2026-06-18 15:42:55,0.100,2800,193,50,50,30545.81
2026-06-18 15:42:55,0.100,2800,193,50,50,30607.05
2026-06-18 15:42:55,0.100,2800,193,50,50,30670.10
2026-06-18 15:42:55,0.100,2800,193,50,50,30730.99
2026-06-18 15:42:55,0.100,2800,193,50,50,30794.49
2026-06-18 15:42:56,0.100,2800,193,50,50,30856.27
2026-06-18 15:42:56,0.100,2800,193,50,50,30934.27
2026-06-18 15:42:56,0.100,2800,193,50,50,31010.91
2026-06-18 15:42:57,0.100,2800,193,50,50,31884.01
2026-06-18 15:42:57,0.100,2800,193,50,50,31942.50
2026-06-18 15:42:57,0.100,2800,193,50,50,32006.51
2026-06-18 15:42:57,0.100,2800,193,50,50,32069.06
2026-06-18 15:42:57,0.100,2800,193,50,50,32130.83
2026-06-18 15:42:57,0.100,2800,193,50,50,32192.17
2026-06-18 15:42:57,0.100,2800,193,50,50,32252.55
2026-06-18 15:42:57,0.100,2800,193,50,50,32315.30
2026-06-18 15:42:57,0.100,2800,193,50,50,32376.59
2026-06-18 15:42:57,0.100,2800,193,50,50,32438.85
2026-06-18 15:42:57,0.100,2800,193,50,50,32501.00
2026-06-18 15:42:57,0.100,2800,193,50,50,32562.83
2026-06-18 15:42:57,0.100,2800,193,50,50,32625.57
2026-06-18 15:42:57,0.100,2800,193,50,50,32688.42
2026-06-18 15:42:57,0.100,2800,193,50,50,32751.45
2026-06-18 15:42:58,0.100,2800,193,50,50,32812.04
2026-06-18 15:42:58,0.100,2800,193,50,50,32873.20
2026-06-18 15:42:58,0.100,2800,193,50,50,32935.58
2026-06-18 15:42:58,0.100,2800,193,50,50,32998.68
2026-06-18 15:42:58,0.100,2800,193,50,50,33060.71
2026-06-18 15:42:58,0.100,2800,193,50,50,33122.57
2026-06-18 15:42:58,0.100,2800,193,50,50,33184.25
2026-06-18 15:42:58,0.100,2800,193,50,50,33247.31
2026-06-18 15:42:58,0.100,2800,193,50,50,33310.59
2026-06-18 15:42:58,0.100,2800,193,50,50,33372.62
2026-06-18 15:42:58,0.100,2800,193,50,50,33435.79
2026-06-18 15:42:58,0.100,2800,193,50,50,33511.81
2026-06-18 15:42:58,0.100,2800,193,50,50,33573.97
2026-06-18 15:42:58,0.100,2800,193,50,50,33636.44
2026-06-18 15:42:58,0.100,2800,193,50,50,33698.72
2026-06-18 15:42:58,0.100,2800,193,50,50,33760.26
2026-06-18 15:42:59,0.100,2800,193,50,50,33823.54
2026-06-18 15:42:59,0.100,2800,193,50,50,33884.86
2026-06-18 15:42:59,0.100,2800,193,50,50,33946.61
2026-06-18 15:42:59,0.100,2800,193,50,50,34007.55
2026-06-18 15:42:59,0.100,2800,193,50,50,34069.99
2026-06-18 15:42:59,0.100,2800,193,50,50,34131.40
2026-06-18 15:42:59,0.100,2800,193,50,50,34194.73
2026-06-18 15:42:59,0.100,2800,193,50,50,34255.69
2026-06-18 15:42:59,0.100,2800,193,50,50,34317.09
2026-06-18 15:42:59,0.100,2800,193,50,50,34377.88
2026-06-18 15:42:59,0.100,2800,193,50,50,34441.26
2026-06-18 15:42:59,0.100,2800,193,50,50,34502.29
2026-06-18 15:42:59,0.100,2800,193,50,50,34564.13
2026-06-18 15:42:59,0.100,2800,193,50,50,34624.35
2026-06-18 15:42:59,0.100,2800,193,50,50,34686.70
2026-06-18 15:42:59,0.100,2800,193,50,50,34748.75
2026-06-18 15:43:00,0.100,2800,193,50,50,34811.39
2026-06-18 15:43:00,0.100,2800,193,50,50,34873.01
2026-06-18 15:43:00,0.100,2800,193,50,50,34935.35
2026-06-18 15:43:00,0.100,2800,193,50,50,34998.22
2026-06-18 15:43:00,0.100,2800,193,50,50,35060.49
2026-06-18 15:43:00,0.100,2800,193,50,50,35136.44
2026-06-18 15:43:00,0.100,2800,193,50,50,35184.28
2026-06-18 15:43:00,0.100,2800,193,50,50,35260.92
2026-06-18 15:43:00,0.100,2800,193,50,50,35322.00
2026-06-18 15:43:00,0.100,2800,193,50,50,35383.48
2026-06-18 15:43:00,0.100,2800,193,50,50,35446.84
2026-06-18 15:43:00,0.100,2800,193,50,50,35509.57
2026-06-18 15:43:00,0.100,2800,193,50,50,35571.16
2026-06-18 15:43:00,0.100,2800,193,50,50,35633.37
2026-06-18 15:43:00,0.100,2800,193,50,50,35695.18
2026-06-18 15:43:00,0.100,2800,193,50,50,35757.56
2026-06-18 15:43:01,0.100,2800,193,50,50,35820.80
2026-06-18 15:43:01,0.100,2800,193,50,50,35882.44
2026-06-18 15:43:01,0.100,2800,193,50,50,35944.04
2026-06-18 15:43:01,0.100,2800,193,50,50,36005.48
2026-06-18 15:43:01,0.100,2800,193,50,50,36068.07
2026-06-18 15:43:01,0.100,2800,193,50,50,36131.16
2026-06-18 15:43:01,0.100,2800,193,50,50,36194.09
2026-06-18 15:43:01,0.100,2800,193,50,50,36254.86
2026-06-18 15:43:01,0.100,2800,193,50,50,36317.27
2026-06-18 15:43:01,0.100,2800,193,50,50,36379.29
2026-06-18 15:43:01,0.100,2800,193,50,50,36440.80
2026-06-18 15:43:01,0.100,2800,193,50,50,36503.22
2026-06-18 15:43:01,0.100,2800,193,50,50,36564.58
2026-06-18 15:43:01,0.100,2800,193,50,50,36662.95
2026-06-18 15:43:01,0.100,2800,193,50,50,36687.62
2026-06-18 15:43:01,0.100,2800,193,50,50,36752.24
2026-06-18 15:43:02,0.100,2800,193,50,50,36814.67
2026-06-18 15:43:02,0.100,2800,193,50,50,36875.53
2026-06-18 15:43:02,0.100,2800,193,50,50,36937.29
2026-06-18 15:43:02,0.100,2800,193,50,50,36998.24
2026-06-18 15:43:02,0.100,2800,193,50,50,37061.56
2026-06-18 15:43:02,0.100,2800,193,50,50,37123.00
2026-06-18 15:43:02,0.100,2800,193,50,50,37185.06
2026-06-18 15:43:02,0.100,2800,193,50,50,37260.39
2026-06-18 15:43:02,0.100,2800,193,50,50,37323.15
2026-06-18 15:43:02,0.100,2800,193,50,50,37387.01
2026-06-18 15:43:02,0.100,2800,193,50,50,37448.58
2026-06-18 15:43:02,0.100,2800,193,50,50,37511.17
2026-06-18 15:43:02,0.100,2800,193,50,50,37572.84
2026-06-18 15:43:02,0.100,2800,193,50,50,37634.71
2026-06-18 15:43:02,0.100,2800,193,50,50,37698.20
2026-06-18 15:43:02,0.100,2800,193,50,50,37758.52
2026-06-18 15:43:03,0.100,2800,193,50,50,37819.52
2026-06-18 15:43:03,0.100,2800,193,50,50,37880.34
2026-06-18 15:43:03,0.100,2800,193,50,50,37941.39
2026-06-18 15:43:03,0.100,2800,193,50,50,38003.93
2026-06-18 15:43:03,0.100,2800,193,50,50,38065.13
2026-06-18 15:43:03,0.100,2800,193,50,50,38126.17
2026-06-18 15:43:03,0.100,2800,193,50,50,38191.05
2026-06-18 15:43:03,0.100,2800,193,50,50,38251.56
2026-06-18 15:43:03,0.100,2800,193,50,50,38314.30
2026-06-18 15:43:03,0.100,2800,193,50,50,38374.86
2026-06-18 15:43:03,0.100,2800,193,50,50,38437.14
2026-06-18 15:43:03,0.100,2800,193,50,50,38498.17
2026-06-18 15:43:03,0.100,2800,193,50,50,38562.42
2026-06-18 15:43:03,0.100,2800,193,50,50,38622.52
2026-06-18 15:43:03,0.100,2800,193,50,50,38686.85
2026-06-18 15:43:03,0.100,2800,193,50,50,38750.15
2026-06-18 15:43:04,0.100,2800,193,50,50,38813.47
2026-06-18 15:43:04,0.100,2800,193,50,50,38875.36
2026-06-18 15:43:04,0.100,2800,193,50,50,38937.67
2026-06-18 15:43:04,0.100,2800,193,50,50,38998.81
2026-06-18 15:43:04,0.100,2800,193,50,50,39061.95
2026-06-18 15:43:04,0.100,2800,193,50,50,39123.79
2026-06-18 15:43:04,0.100,2800,193,50,50,39186.14
2026-06-18 15:43:04,0.100,2800,193,50,50,39249.75
2026-06-18 15:43:04,0.100,2800,193,50,50,39310.34
2026-06-18 15:43:04,0.100,2800,193,50,50,39371.53
2026-06-18 15:43:04,0.100,2800,193,50,50,39434.66
2026-06-18 15:43:04,0.100,2800,193,50,50,39510.54
2026-06-18 15:43:04,0.100,2800,193,50,50,39573.17
2026-06-18 15:43:04,0.100,2800,193,50,50,39628.89
2026-06-18 15:43:04,0.100,2800,193,50,50,39685.28
2026-06-18 15:43:04,0.100,2800,193,50,50,39748.33
2026-06-18 15:43:05,0.100,2800,193,50,50,39809.81
2026-06-18 15:43:05,0.100,2800,193,50,50,39871.96
2026-06-18 15:43:05,0.100,2800,193,50,50,39936.40
2026-06-18 15:43:05,0.100,2800,193,50,50,39998.82
2026-06-18 15:43:05,0.100,2800,193,50,50,40060.92
2026-06-18 15:43:05,0.100,2800,193,50,50,40123.98
2026-06-18 15:43:05,0.100,2800,193,50,50,40187.38
2026-06-18 15:43:05,0.100,2800,193,50,50,40248.57
2026-06-18 15:43:05,0.100,2800,193,50,50,40310.51
2026-06-18 15:43:05,0.100,2800,193,50,50,40375.76
2026-06-18 15:43:05,0.100,2800,193,50,50,40436.35
2026-06-18 15:43:05,0.100,2800,193,50,50,40500.04
2026-06-18 15:43:05,0.100,2800,193,50,50,40562.05
2026-06-18 15:43:05,0.100,2800,193,50,50,40625.34
2026-06-18 15:43:05,0.100,2800,193,50,50,40687.93
2026-06-18 15:43:05,0.100,2800,193,50,50,40751.14
2026-06-18 15:43:06,0.100,2800,193,50,50,40813.56
2026-06-18 15:43:06,0.100,2800,193,50,50,40874.46
2026-06-18 15:43:06,0.100,2800,193,50,50,40939.47
2026-06-18 15:43:06,0.100,2800,193,50,50,41001.37
2026-06-18 15:43:06,0.100,2800,193,50,50,41062.10
2026-06-18 15:43:06,0.100,2800,193,50,50,41123.77
2026-06-18 15:43:06,0.100,2800,193,50,50,41186.23
2026-06-18 15:43:06,0.100,2800,193,50,50,41246.97
2026-06-18 15:43:06,0.100,2800,193,50,50,41309.40
2026-06-18 15:43:06,0.100,2800,193,50,50,41372.91
2026-06-18 15:43:06,0.100,2800,193,50,50,41434.65
2026-06-18 15:43:06,0.100,2800,193,50,50,41497.45
2026-06-18 15:43:06,0.100,2800,193,50,50,41560.39
2026-06-18 15:43:06,0.100,2800,193,50,50,41636.70
2026-06-18 15:43:06,0.100,2800,193,50,50,41698.13
2026-06-18 15:43:06,0.100,2800,193,50,50,41755.39
2026-06-18 15:43:07,0.100,2800,193,50,50,41817.56
2026-06-18 15:43:07,0.100,2800,193,50,50,41874.87
2026-06-18 15:43:07,0.100,2800,193,50,50,41937.90
2026-06-18 15:43:07,0.100,2800,193,50,50,42002.80
2026-06-18 15:43:07,0.100,2800,193,50,50,42065.41
2026-06-18 15:43:07,0.100,2800,193,50,50,42123.07
2026-06-18 15:43:07,0.100,2800,193,50,50,42184.87
2026-06-18 15:43:07,0.100,2800,193,50,50,42248.71
2026-06-18 15:43:07,0.100,2800,193,50,50,42321.25
2026-06-18 15:43:07,0.100,2800,193,50,50,42377.76
2026-06-18 15:43:07,0.100,2800,193,50,50,42435.34
2026-06-18 15:43:07,0.100,2800,193,50,50,42504.80
2026-06-18 15:43:07,0.100,2800,193,50,50,42568.62
2026-06-18 15:43:07,0.100,2800,193,50,50,42630.88
2026-06-18 15:43:07,0.100,2800,193,50,50,42692.42
2026-06-18 15:43:07,0.100,2800,193,50,50,42754.67
2026-06-18 15:43:08,0.100,2800,193,50,50,42859.14
2026-06-18 15:45:25,0.100,2800,193,50,50,7461.43
2026-06-18 15:49:24,0.100,2800,193,50,50,10612.37
2026-06-18 15:49:50,0.100,2800,193,50,50,15937.31
2026-06-18 15:50:18,0.100,2800,193,50,50,16422.46
2026-06-18 15:52:33,0.090,2800,193,50,50,6977.83
2026-06-18 15:52:51,0.090,2800,193,50,50,10623.57
2026-06-18 15:53:17,0.090,2800,193,50,50,15843.39
2026-06-18 15:53:47,0.090,2800,193,50,50,16708.59
2026-06-18 15:54:08,0.090,2800,193,50,50,16337.02
2026-06-18 15:54:50,0.090,2800,193,50,50,16311.88
2026-06-18 15:55:14,0.090,2800,193,50,50,18849.77
2026-06-18 15:55:33,0.090,2800,193,50,50,16387.58
2026-06-18 15:55:55,0.090,2800,193,50,50,16378.14
2026-06-18 15:56:26,0.090,2800,193,50,50,16495.03
2026-06-18 15:57:21,0.080,2800,193,50,50,16298.38
2026-06-18 15:57:51,0.080,2800,193,50,50,16473.70
2026-06-18 15:58:11,0.080,2800,193,50,50,16347.08
2026-06-18 15:58:51,0.080,2800,193,50,50,16184.72
2026-06-18 15:59:51,0.080,2800,193,50,50,16345.66
2026-06-18 16:00:15,0.080,2800,193,50,50,8518.11
2026-06-18 16:00:36,0.080,2800,193,50,50,16306.14
2026-06-18 16:01:14,0.080,2800,193,50,50,16380.07
2026-06-18 16:01:35,0.080,2800,193,50,50,16233.16
2026-06-18 16:02:13,0.080,2800,193,50,50,16354.75
2026-06-18 16:02:49,0.070,2800,193,50,50,16295.16
2026-06-18 16:03:31,0.070,2800,193,50,50,16433.74
2026-06-18 16:03:52,0.070,2800,193,50,50,16390.65
2026-06-18 16:04:12,0.070,2800,193,50,50,16274.65
2026-06-18 16:04:33,0.070,2800,193,50,50,16401.81
2026-06-18 16:05:13,0.070,2800,193,50,50,16270.29
2026-06-18 16:05:54,0.070,2800,193,50,50,16246.85
2026-06-18 16:06:33,0.070,2800,193,50,50,16274.96
2026-06-18 16:07:12,0.070,2800,193,50,50,16302.88
2026-06-18 16:07:53,0.070,2800,193,50,50,16526.58
2026-06-18 16:08:45,0.060,2800,193,50,50,16354.22
2026-06-18 16:09:15,0.060,2800,193,50,50,16508.42
2026-06-18 16:09:46,0.060,2800,193,50,50,24737.83
2026-06-18 16:12:54,0.060,2800,193,50,50,16220.38
2026-06-18 16:13:33,0.060,2800,193,50,50,5353.70
2026-06-18 16:13:45,0.060,2800,193,50,50,7290.35
2026-06-18 16:13:54,0.060,2800,193,50,50,4351.57
2026-06-18 16:14:34,0.060,2800,193,50,50,16542.15
2026-06-18 16:14:54,0.060,2800,193,50,50,16206.04
2026-06-18 16:15:14,0.060,2800,193,50,50,16491.50
2026-06-18 16:15:48,0.050,2800,193,50,50,17262.71
2026-06-18 16:17:11,0.050,2800,193,50,50,16292.54
2026-06-18 16:17:51,0.050,2800,193,50,50,16398.26
2026-06-18 16:18:16,0.050,2800,193,50,50,16381.16
2026-06-18 16:18:36,0.050,2800,193,50,50,16208.99
2026-06-18 16:18:56,0.050,2800,193,50,50,16250.26
2026-06-18 16:19:36,0.050,2800,193,50,50,16225.47
2026-06-18 16:20:16,0.050,2800,193,50,50,16315.48
2026-06-18 16:20:37,0.050,2800,193,50,50,16173.88
2026-06-18 16:20:58,0.050,2800,193,50,50,16300.09
2026-06-18 16:21:53,0.040,2800,193,50,50,16379.41
2026-06-18 16:22:15,0.040,2800,193,50,50,16349.12
2026-06-18 16:22:53,0.040,2800,193,50,50,16294.07
2026-06-18 16:23:12,0.040,2800,193,50,50,16286.59
2026-06-18 16:23:33,0.040,2800,193,50,50,23.32
2026-06-18 16:24:10,0.040,2800,193,50,50,40.62
2026-06-18 16:24:47,0.040,2800,193,50,50,33.85
2026-06-18 16:25:24,0.040,2800,193,50,50,666.71
2026-06-18 16:26:01,0.040,2800,193,50,50,16265.17
2026-06-18 16:26:21,0.040,2800,193,50,50,16299.43
2026-06-18 16:27:04,0.030,2800,193,50,50,16251.16
2026-06-18 16:27:34,0.030,2800,193,50,50,16188.48
2026-06-18 16:27:39,0.030,2800,193,50,50,24.76
2026-06-18 16:27:56,0.030,2800,193,50,50,229.99
2026-06-18 16:28:33,0.030,2800,193,50,50,853.68
2026-06-18 16:28:52,0.030,2800,193,50,50,0.59
2026-06-18 16:29:50,0.020,2800,193,50,50,16348.74
2026-06-18 16:30:13,0.020,2800,193,50,50,16361.90
2026-06-18 16:30:34,0.020,2800,193,50,50,39.91
2026-06-18 16:31:11,0.020,2800,193,50,50,16225.65
2026-06-18 16:31:46,0.010,2800,193,50,50,16290.16
2026-06-18 16:32:06,0.010,2800,193,50,50,16319.71
2026-06-18 16:32:33,0.010,2800,193,50,50,5563.11
2026-06-18 16:33:14,0.010,2800,193,50,50,16242.10
2026-06-18 16:33:38,0.010,2800,193,50,50,16255.95
2026-06-18 16:59:01,0.100,2800,193,50,50,8880.71
2026-06-18 17:00:45,0.100,2800,193,50,50,33926.63
2026-06-18 17:01:20,0.100,2800,193,50,50,8377.94
2026-06-18 17:05:46,0.100,2800,193,50,50,4185.90
2026-06-18 17:07:12,0.100,2800,193,50,50,38463.44
2026-06-18 17:07:19,0.100,2800,193,50,50,0.12
2026-06-18 17:10:43,0.100,2800,300,50,50,4360.96
2026-06-18 17:10:58,0.100,2800,300,50,50,0.75
2026-06-18 17:12:12,0.100,2800,230,50,50,16376.77
2026-06-18 17:14:15,0.100,2800,210,50,50,93619.59
2026-06-18 17:15:53,0.100,2800,210,50,50,3342.93
2026-06-18 17:16:57,0.100,2800,210,50,50,46075.77
2026-06-18 17:17:28,0.100,2800,210,50,50,16288.57
2026-06-18 17:18:27,0.100,2800,220,50,50,16401.00
2026-06-18 17:20:05,0.100,2800,220,50,50,16256.14
2026-06-18 17:20:41,0.100,2800,215,50,50,16287.41
2026-06-18 17:25:03,0.100,2800,215,50,50,3191.00
2026-06-18 17:29:22,0.100,2800,215,50,50,16316.06
2026-06-18 17:32:03,0.100,2800,220,50,50,36887.47
2026-06-18 17:32:56,0.100,2800,220,50,50,43883.39
2026-06-18 17:33:30,0.100,2800,220,50,50,16320.66
2026-06-18 17:34:07,0.100,2800,218,50,50,16273.34
2026-06-18 19:16:55,0.100,2800,218,50,50,6442.18
2026-06-18 19:17:46,0.100,2800,219,50,50,6217.59
2026-06-18 19:18:32,0.100,2800,219,50,50,6938.64
2026-06-18 19:20:56,0.100,2800,219,50,50,6379.75
2026-06-18 19:21:33,0.100,2800,219,50,50,6322.43
2026-06-18 19:22:17,0.100,2800,219,50,50,6218.26
2026-06-18 19:22:46,0.100,2800,220,50,50,0.68
2026-06-18 19:23:02,0.100,2800,220,50,50,6249.24
2026-06-18 19:23:47,0.100,2800,230,50,50,0.26
2026-06-18 19:24:26,0.100,2800,230,50,50,14.89
2026-06-18 19:24:58,0.100,2800,240,50,50,6222.51
2026-06-18 19:26:13,0.100,2800,237,50,50,6265.55
2026-06-18 19:28:18,0.100,2800,240,50,50,6288.18
2026-06-18 19:28:29,0.100,2800,238,50,50,0.72
2026-06-18 19:29:25,0.100,2800,238,50,50,6169.60
2026-06-18 19:29:53,0.100,2800,234,50,50,6301.45
2026-06-18 19:30:12,0.100,2800,230,50,50,6273.40
2026-06-18 19:30:31,0.100,2800,228,50,50,6248.00
2026-06-18 19:30:51,0.100,2800,230,50,50,6291.29
2026-06-18 19:31:10,0.100,2800,229,50,50,6218.33
2026-06-18 19:31:29,0.100,2800,230,50,50,6381.42
2026-06-18 19:31:54,0.100,2800,230,50,50,6216.02
2026-06-18 19:32:19,0.100,2800,233,50,50,6286.47
2026-06-18 19:32:47,0.100,2800,233,50,50,6264.93
2026-06-18 19:33:14,0.100,2800,235,50,50,6191.46
2026-06-18 19:33:35,0.100,2800,238,50,50,6255.17
2026-06-18 19:33:55,0.100,2800,236,50,50,6243.83
2026-06-18 19:34:20,0.100,2800,236,50,50,6294.44
2026-06-18 19:34:46,0.100,2800,234,50,50,6262.57
2026-06-18 19:35:05,0.100,2800,235,50,50,6176.44
2026-06-18 19:35:25,0.100,2800,235,50,50,6202.87
2026-06-18 19:35:56,0.100,2800,235,50,50,6326.60
2026-06-18 19:36:19,0.100,2800,235,50,50,6303.62
2026-06-18 19:36:37,0.100,2800,235,50,50,6398.27
2026-06-18 19:36:53,0.100,2800,235,50,50,6169.56
2026-06-18 19:37:11,0.100,2800,235,50,50,24.66
2026-06-18 19:37:31,0.100,2800,235,50,50,6288.09
2026-06-18 19:41:16,0.100,2800,220,50,50,6287.52
2026-06-18 19:42:01,0.100,2800,220,50,50,6370.78
2026-06-18 19:42:31,0.100,2800,220,50,50,6148.16
2026-06-18 19:43:02,0.100,2800,220,50,50,6304.32
2026-06-18 19:43:22,0.100,2800,220,50,50,6283.67
2026-06-18 19:43:43,0.100,2800,220,50,50,6363.42
2026-06-18 19:44:01,0.100,2800,220,50,50,6256.58
2026-06-18 19:45:52,0.100,2800,215,50,50,6351.33
2026-06-18 19:46:06,0.100,2800,205,50,50,14.80
2026-06-18 19:47:43,0.100,2800,205,50,50,6414.79
2026-06-18 19:48:22,0.100,2800,205,50,50,6439.53
2026-06-18 19:48:42,0.100,2800,207,50,50,6292.93
2026-06-18 19:49:06,0.100,2800,207,50,50,6232.74
2026-06-18 19:49:28,0.100,2800,207,50,50,6306.56
2026-06-18 19:49:52,0.100,2800,205,50,50,6223.55
2026-06-18 19:50:10,0.100,2800,205,50,50,6230.16
2026-06-18 19:50:35,0.100,2800,205,50,50,6275.51
2026-06-18 19:50:55,0.100,2800,205,50,50,6264.49
2026-06-18 19:52:15,0.100,2800,193,50,50,6407.90
2026-06-18 19:53:16,0.100,2800,180,50,50,6371.91
2026-06-18 19:53:39,0.100,2800,180,50,50,6260.09
2026-06-18 19:54:11,0.100,2800,175,50,50,6360.47
2026-06-18 19:54:35,0.100,2800,170,50,50,6317.64
2026-06-18 19:55:03,0.100,2800,165,50,50,6190.81
2026-06-18 19:55:26,0.100,2800,150,50,50,6339.22
2026-06-18 19:55:53,0.100,2800,140,50,50,9649.30
2026-06-18 19:56:40,0.100,2800,1,50,50,6264.89
2026-06-18 19:57:00,0.100,2800,150,50,50,6515.44
2026-06-18 19:57:29,0.100,2800,155,50,50,6388.84
2026-06-18 19:57:51,0.100,2800,155,50,50,6416.05
