时间戳,目标气压(MPa),标定距离(cm),绝对飞行时间_TOF(ms),平均喷射流速(m/s),环境温度(°C),AI分级结果
2026-06-17 15:20:07,0.050,172.9,-2999.9,0.00,18.2,等待打分...
2026-06-17 15:22:52,0.050,172.4,-3002.0,0.00,17.4,等待打分...
2026-06-17 15:27:37,0.050,177.4,18.3,96.97,17.7,等待打分...
2026-06-17 15:29:18,0.050,177.3,48.9,36.24,18.1,等待打分...
2026-06-17 15:30:33,0.050,177.8,18.0,98.97,17.8,等待打分...
2026-06-17 15:30:53,0.050,176.2,261.4,6.74,17.4,等待打分...
2026-06-17 15:31:18,0.050,175.3,20.1,87.02,17.5,等待打分...
2026-06-17 15:36:31,0.050,176.3,-7.8,0.00,17.4,等待打分...
2026-06-17 15:41:26,0.050,177.5,-3.2,0.00,17.6,等待打分...
2026-06-17 15:51:35,0.1,40.8,-8.0,0.00,36.2,等待打分...
2026-06-17 15:58:45,0.050,25.6,17.2,14.85,33.8,等待打分...
2026-06-17 16:00:53,0.050,42.0,46.9,8.96,30.1,等待打分...
2026-06-17 16:03:39,0.050,13.8,23343.7,0.00,0.0,0.0
2026-06-17 16:03:47,0.050,13.8,20.0,6.91,29.1,0.0
2026-06-17 16:07:42,0.1,53.4,27.6,19.38,26.4,0.0
2026-06-17 16:26:56,0.1,51.0,58.2,8.76,27.9,等待打分...
2026-06-17 16:27:06,0.1,51.3,734.8,0.70,27.7,0.0
2026-06-17 16:27:15,0.1,50.7,59.7,8.49,27.4,0.0
2026-06-17 16:28:08,0.1,50.2,54.6,9.20,28.0,0.0
2026-06-17 16:31:03,0.1,46.2,65.1,7.10,29.2,等待打分...
2026-06-17 16:31:36,0.1,26.0,55.5,4.68,30.6,0.0
2026-06-17 16:31:46,0.1,52.9,6.4,82.97,27.9,0.0
2026-06-17 16:31:56,0.1,0.0,18.6,0.00,33.8,0.0
2026-06-17 16:32:24,0.1,10.7,21.9,4.89,34.3,0.0
2026-06-17 16:32:40,0.1,45.5,50.5,9.00,35.7,0.0
2026-06-17 16:33:14,0.1,2.9,44.5,0.65,30.1,0.0
2026-06-17 16:33:42,0.1,66.0,55.6,11.86,25.1,0.0
2026-06-17 16:35:37,0.1,51.0,56.6,9.01,27.1,0.0
2026-06-17 16:37:46,0.050,51.0,35.8,14.25,27.8,等待打分...
2026-06-17 16:38:42,0.050,0.8,5.7,1.41,34.9,0.0
2026-06-17 16:40:44,0.050,53.1,27.2,19.50,35.7,0.0
2026-06-17 16:41:20,0.050,47.3,12.8,36.90,27.1,0.0
2026-06-17 16:41:33,0.050,52.4,48.4,10.82,34.2,0.0
2026-06-17 16:42:05,0.050,51.6,1358.3,0.38,29.9,0.0
2026-06-17 16:42:39,0.1,57.5,17.2,33.50,29.6,0.0
2026-06-17 16:42:54,0.1,6.3,16.0,3.93,30.1,0.0
2026-06-17 16:45:54,0.1,56.1,28.6,19.64,32.0,0.0
2026-06-17 16:51:13,0.100,44.5,25.8,17.23,28.5,等待打分...
2026-06-17 16:51:48,0.100,27.7,81.2,3.41,35.9,0.0
2026-06-17 16:52:57,0.100,47.0,18.7,25.19,28.9,0.0
2026-06-17 16:53:17,0.100,5.0,27.9,1.79,30.3,0.0
2026-06-17 16:56:40,0.100,47.4,9.4,50.30,27.7,等待打分...
2026-06-17 16:56:58,0.100,51.2,16.8,30.52,26.9,0.0
2026-06-17 16:57:16,0.100,49.1,98.5,4.98,25.8,0.0
2026-06-17 17:03:06,0.100,52.0,38.8,13.39,28.6,0.0
2026-06-17 17:03:20,0.100,57.3,48.4,11.83,29.7,0.0
2026-06-17 17:03:32,0.100,56.9,56.0,10.17,29.6,0.0
2026-06-17 17:04:40,0.100,42.1,53.7,7.84,34.6,等待打分...
2026-06-17 17:05:19,0.100,0.0,33.8,0.00,28.8,0.0
2026-06-17 17:08:00,0.100,44.2,10.2,43.18,30.0,0.0
2026-06-17 17:10:54,0.100,52.3,9.8,53.50,29.1,0.0
2026-06-17 17:11:30,0.100,27.5,10.8,25.44,27.3,0.0
2026-06-17 17:16:18,0.100,0.0,47.6,0.00,36.0,等待打分...
2026-06-17 17:24:06,0.100,0.0,4921.3,0.00,17.9,等待打分...
2026-06-17 17:32:33,0.100,2.3,40.6,0.57,18.8,等待打分...
2026-06-17 17:32:55,0.100,1.5,42.3,0.35,19.4,0.0
2026-06-17 20:19:04,0.100,5.7,38.8,1.47,19.9,等待打分...
2026-06-17 20:19:09,0.100,13.5,51.7,2.61,19.8,0.0
2026-06-17 20:19:17,0.100,5.1,17.4,2.93,19.7,0.0
2026-06-17 20:19:28,0.100,0.0,26.6,0.00,19.3,0.0
2026-06-17 20:22:28,0.100,13.5,8.7,15.52,18.2,0.0
2026-06-17 20:23:24,0.100,0.8,12.9,0.62,18.9,0.0
2026-06-17 20:23:43,0.100,5.0,25.8,1.93,18.7,0.0
2026-06-17 20:24:11,0.100,4.3,46.0,0.93,18.8,0.0
2026-06-17 20:24:24,0.100,5.3,33.8,1.57,19.0,0.0
2026-06-17 20:24:59,0.100,4.5,58.7,0.77,19.1,0.0
2026-06-17 20:25:12,0.100,5.5,67.1,0.82,19.3,0.0
2026-06-17 20:25:31,0.100,4.4,2.9,15.16,19.2,0.0
2026-06-17 20:25:45,0.100,4.6,32.0,1.44,19.5,0.0
2026-06-17 20:26:04,0.100,4.2,21.6,1.95,19.5,0.0
2026-06-17 20:26:16,0.100,4.7,23.5,2.00,19.4,0.0
2026-06-17 20:26:36,0.100,5.6,45.5,1.23,19.5,0.0
2026-06-17 20:26:54,0.100,4.9,57.8,0.85,19.6,0.0
2026-06-17 20:27:20,0.100,4.5,36.4,1.24,19.5,0.0
2026-06-17 20:27:31,0.100,2.7,6.6,4.07,19.6,0.0
2026-06-17 20:27:46,0.100,4.7,27.1,1.74,19.7,0.0
2026-06-17 20:27:57,0.100,4.2,29.8,1.41,19.7,0.0
2026-06-17 20:28:14,0.100,4.3,35.9,1.20,19.8,0.0
2026-06-17 20:28:26,0.100,6.9,59.9,1.15,19.7,0.0
2026-06-17 20:28:41,0.100,6.5,56.3,1.15,19.7,0.0
2026-06-17 20:28:51,0.100,6.9,61.4,1.12,19.7,0.0
2026-06-17 20:29:00,0.100,7.2,18.1,3.98,19.6,0.0
2026-06-17 20:29:06,0.100,7.1,58.2,1.22,19.7,0.0
2026-06-17 20:29:15,0.100,6.7,11.6,5.79,19.9,0.0
2026-06-17 20:29:20,0.100,7.3,48.5,1.51,19.8,0.0
2026-06-17 20:29:26,0.100,5.9,48.7,1.21,19.6,0.0
2026-06-17 20:29:40,0.100,6.3,51.7,1.22,19.8,0.0
2026-06-17 20:29:47,0.100,6.6,23.4,2.82,19.9,0.0
2026-06-17 20:30:08,0.100,8.3,59.0,1.41,19.7,0.0
2026-06-17 20:30:17,0.100,21.2,44.5,4.76,23.9,0.0
2026-06-17 20:30:23,0.100,6.9,20.2,3.42,24.0,0.0
2026-06-17 20:30:29,0.100,6.2,36.1,1.72,24.0,0.0
2026-06-17 20:30:36,0.100,7.2,45.5,1.58,23.9,0.0
2026-06-17 20:30:43,0.100,7.4,42.7,1.71,24.1,0.0
2026-06-17 20:31:24,0.100,4.1,27.9,1.47,24.3,0.0
2026-06-17 20:31:32,0.100,9.3,18.2,5.12,24.2,0.0
2026-06-17 20:31:39,0.100,6.7,14.8,4.52,24.3,0.0
2026-06-17 20:31:47,0.100,7.3,31.0,2.35,24.2,0.0
2026-06-17 20:31:53,0.100,7.8,43.3,1.80,24.1,0.0
2026-06-17 20:31:59,0.100,7.2,43.3,1.66,24.0,0.0
2026-06-17 20:32:06,0.100,7.4,10.1,7.33,19.9,0.0
2026-06-17 20:32:12,0.100,7.4,51.3,1.44,19.8,0.0
2026-06-17 23:14:35,0.100,8.3,-5.1,0.00,25.9,等待打分...
2026-06-17 23:14:55,0.100,7.8,-1.5,0.00,25.5,0.0
2026-06-17 23:15:46,0.100,8.2,-28.5,0.00,19.9,0.0
2026-06-17 23:20:10,0.100,7.2,-33.3,0.00,18.3,0.0
2026-06-17 23:20:33,0.100,10.2,-12.6,0.00,17.9,0.0
2026-06-17 23:23:46,0.100,8.6,-12.3,0.00,16.6,0.0
2026-06-17 23:24:02,0.100,9.2,-5.0,0.00,16.5,0.0
2026-06-17 23:25:32,0.100,6.6,-22.1,0.00,16.4,0.0
2026-06-17 23:26:55,0.100,9.4,1.3,74.24,16.9,0.0
2026-06-17 23:29:19,0.100,9.0,21.0,4.29,18.7,0.0
2026-06-17 23:33:14,0.100,15.9,2.6,60.68,16.7,0.0
2026-06-17 23:47:30,0.100,12.0,15089.6,0.01,15.1,等待打分...
2026-06-17 23:51:05,0.100,12.2,8368.7,0.01,13.6,0.0
2026-06-18 14:02:30,0.100,11.5,8594.3,0.01,18.6,等待打分...
2026-06-18 14:03:09,0.100,11.5,16249.4,0.01,18.2,0.0
2026-06-18 14:03:35,0.100,11.6,16276.8,0.01,17.9,0.0
2026-06-18 14:04:41,0.100,11.9,16309.4,0.01,17.3,0.0
2026-06-18 14:05:14,0.100,11.3,16149.6,0.01,17.0,0.0
2026-06-18 15:45:26,0.100,11.5,7425.7,0.02,24.0,-
2026-06-18 15:49:24,0.100,10.3,10576.7,0.01,18.4,-
2026-06-18 15:49:50,0.100,10.3,15901.6,0.01,18.1,-
2026-06-18 15:50:18,0.100,10.1,16386.8,0.01,18.0,-
2026-06-18 15:52:33,0.090,11.9,6942.1,0.02,18.0,-
2026-06-18 15:52:51,0.090,12.1,10587.9,0.01,18.0,-
2026-06-18 15:53:17,0.090,11.8,15807.7,0.01,18.0,-
2026-06-18 15:53:47,0.090,12.1,16672.9,0.01,17.8,-
2026-06-18 15:54:08,0.090,11.9,16301.3,0.01,17.7,-
2026-06-18 15:54:50,0.090,12.1,16276.2,0.01,17.7,-
2026-06-18 15:55:14,0.090,12.0,18814.1,0.01,17.6,-
2026-06-18 15:55:33,0.090,11.9,16351.9,0.01,17.6,-
2026-06-18 15:55:55,0.090,12.0,16342.4,0.01,17.5,-
2026-06-18 15:56:26,0.090,12.0,16459.3,0.01,17.6,-
2026-06-18 15:57:21,0.080,12.5,16262.7,0.01,17.5,-
2026-06-18 15:57:51,0.080,12.0,16438.0,0.01,17.4,-
2026-06-18 15:58:11,0.080,12.3,16311.4,0.01,17.5,-
2026-06-18 15:58:51,0.080,12.1,16149.0,0.01,17.4,-
2026-06-18 15:59:51,0.080,12.2,16310.0,0.01,17.4,-
2026-06-18 16:00:15,0.080,11.9,8482.4,0.01,17.3,-
2026-06-18 16:00:36,0.080,8.7,16270.4,0.01,17.3,-
2026-06-18 16:01:14,0.080,4.5,16344.4,0.00,17.3,-
2026-06-18 16:01:35,0.080,11.0,16197.5,0.01,17.2,-
2026-06-18 16:02:13,0.080,6.7,16319.0,0.00,17.1,-
2026-06-18 16:02:49,0.070,8.2,16259.5,0.01,17.1,-
2026-06-18 16:03:31,0.070,9.4,16398.0,0.01,17.1,-
2026-06-18 16:03:52,0.070,9.1,16354.9,0.01,17.1,-
2026-06-18 16:04:12,0.070,6.9,16239.0,0.00,17.1,-
2026-06-18 16:04:33,0.070,11.3,16366.1,0.01,17.2,-
2026-06-18 16:05:13,0.070,8.0,16234.6,0.00,17.0,-
2026-06-18 16:05:54,0.070,6.4,16211.2,0.00,16.9,-
2026-06-18 16:06:33,0.070,7.0,16239.3,0.00,17.2,-
2026-06-18 16:07:12,0.070,6.2,16267.2,0.00,17.3,-
2026-06-18 16:07:53,0.070,5.0,16490.9,0.00,17.4,-
2026-06-18 16:08:45,0.060,8.6,16318.5,0.01,17.4,-
2026-06-18 16:09:15,0.060,8.2,16472.7,0.00,17.8,-
2026-06-18 16:09:46,0.060,6.9,24702.1,0.00,16.2,-
2026-06-18 16:12:54,0.060,11.8,16184.7,0.01,18.8,-
2026-06-18 16:13:33,0.060,12.3,5318.0,0.02,18.7,-
2026-06-18 16:13:45,0.060,12.0,7254.7,0.02,18.5,-
2026-06-18 16:13:54,0.060,11.8,4315.9,0.03,18.6,-
2026-06-18 16:14:34,0.060,6.5,16506.4,0.00,18.5,-
2026-06-18 16:14:54,0.060,5.6,16170.3,0.00,18.5,-
2026-06-18 16:15:14,0.060,12.4,16455.8,0.01,18.2,-
2026-06-18 16:15:48,0.050,12.4,17227.0,0.01,18.3,-
2026-06-18 16:17:11,0.050,12.2,16256.8,0.01,18.0,-
2026-06-18 16:17:51,0.050,12.6,16362.6,0.01,17.5,-
2026-06-18 16:18:16,0.050,12.6,16345.5,0.01,17.5,-
2026-06-18 16:18:36,0.050,9.1,16173.3,0.01,17.5,-
2026-06-18 16:18:56,0.050,8.2,16214.6,0.01,17.4,-
2026-06-18 16:19:36,0.050,10.2,16189.8,0.01,17.5,-
2026-06-18 16:20:16,0.050,7.9,16279.8,0.00,17.5,-
2026-06-18 16:20:37,0.050,12.5,16138.2,0.01,17.5,-
2026-06-18 16:20:58,0.050,9.4,16264.4,0.01,17.4,-
2026-06-18 16:21:53,0.040,9.9,16343.7,0.01,17.3,-
2026-06-18 16:22:15,0.040,8.6,16313.4,0.01,17.4,-
2026-06-18 16:22:53,0.040,9.5,16258.4,0.01,17.4,-
2026-06-18 16:23:12,0.040,9.3,16250.9,0.01,17.5,-
2026-06-18 16:23:33,0.040,10.1,-12.4,0.00,17.5,-
2026-06-18 16:24:10,0.040,12.3,4.9,25.00,17.3,-
2026-06-18 16:24:47,0.040,9.9,-1.8,0.00,17.2,-
2026-06-18 16:25:24,0.040,8.6,631.0,0.14,17.2,-
2026-06-18 16:26:01,0.040,7.2,16229.5,0.00,17.2,-
2026-06-18 16:26:21,0.040,8.6,16263.7,0.01,17.1,-
2026-06-18 16:27:04,0.030,12.1,16215.5,0.01,17.1,-
2026-06-18 16:27:34,0.030,12.1,16152.8,0.01,17.0,-
2026-06-18 16:27:39,0.030,12.1,-10.9,0.00,17.0,-
2026-06-18 16:27:56,0.030,10.9,194.3,0.56,17.0,-
2026-06-18 16:28:33,0.030,8.8,818.0,0.11,17.0,-
2026-06-18 16:28:52,0.030,8.9,-35.1,0.00,16.8,-
2026-06-18 16:29:50,0.020,12.9,16313.0,0.01,16.9,-
2026-06-18 16:30:13,0.020,7.9,16326.2,0.00,17.0,-
2026-06-18 16:30:34,0.020,8.3,4.2,19.74,16.9,-
2026-06-18 16:31:11,0.020,10.6,16190.0,0.01,16.7,-
2026-06-18 16:31:46,0.010,12.0,16254.5,0.01,16.9,-
2026-06-18 16:32:06,0.010,10.1,16284.0,0.01,16.7,-
2026-06-18 16:32:33,0.010,12.1,5527.4,0.02,16.7,-
2026-06-18 16:33:14,0.010,12.6,16206.4,0.01,16.6,-
2026-06-18 16:33:38,0.010,8.0,16220.3,0.00,16.7,-
2026-06-18 16:59:01,0.100,13.5,8845.0,0.02,17.9,-
2026-06-18 17:00:45,0.100,0.0,33890.9,0.00,16.0,-
2026-06-18 17:01:20,0.100,12.6,8342.2,0.02,17.2,-
2026-06-18 17:05:46,0.100,9.2,4150.2,0.02,17.2,-
2026-06-18 17:07:12,0.100,13.8,38427.7,0.00,17.0,-
2026-06-18 17:07:19,0.100,21.9,-35.6,0.00,29.3,-
2026-06-18 17:10:43,0.100,7.6,4325.3,0.02,17.1,-
2026-06-18 17:10:58,0.100,9.5,-35.0,0.00,16.1,-
2026-06-18 17:12:12,0.100,10.8,16341.1,0.01,15.9,-
2026-06-18 17:14:15,0.100,0.4,93583.9,0.00,15.8,-
2026-06-18 17:15:53,0.100,11.6,3307.2,0.04,16.7,-
2026-06-18 17:16:57,0.100,73.7,46040.1,0.02,16.2,-
2026-06-18 17:17:28,0.100,12.7,16252.9,0.01,16.1,-
2026-06-18 17:18:27,0.100,12.0,16365.3,0.01,16.2,-
2026-06-18 17:20:05,0.100,10.8,16220.4,0.01,15.5,-
2026-06-18 17:20:41,0.100,11.3,16251.7,0.01,15.8,-
2026-06-18 17:25:03,0.100,5.4,3155.3,0.02,15.5,-
2026-06-18 17:29:22,0.100,11.3,16280.4,0.01,15.6,-
2026-06-18 17:32:03,0.100,2.4,36851.8,0.00,25.2,-
2026-06-18 17:32:56,0.100,15.8,43847.7,0.00,16.4,-
2026-06-18 17:33:30,0.100,13.4,16285.0,0.01,16.7,-
2026-06-18 17:34:07,0.100,12.2,16237.6,0.01,17.0,-
2026-06-18 19:16:55,0.100,13.9,6406.5,0.02,15.3,-
2026-06-18 19:17:46,0.100,15.1,6181.9,0.02,16.0,-
2026-06-18 19:18:32,0.100,11.4,6902.9,0.02,14.3,-
2026-06-18 19:20:56,0.100,9.0,6344.0,0.01,15.0,-
2026-06-18 19:21:33,0.100,12.0,6286.7,0.02,15.5,-
2026-06-18 19:22:17,0.100,12.1,6182.6,0.02,15.5,-
2026-06-18 19:22:46,0.100,5.4,-35.0,0.00,15.4,-
2026-06-18 19:23:02,0.100,5.9,6213.5,0.01,15.3,-
2026-06-18 19:23:47,0.100,6.2,-35.4,0.00,15.5,-
2026-06-18 19:24:26,0.100,12.7,-20.8,0.00,15.9,-
2026-06-18 19:24:58,0.100,12.4,6186.8,0.02,15.5,-
2026-06-18 19:26:13,0.100,12.9,6229.9,0.02,15.1,-
2026-06-18 19:28:18,0.100,12.8,6252.5,0.02,15.1,-
2026-06-18 19:28:29,0.100,13.0,-35.0,0.00,15.0,-
2026-06-18 19:29:25,0.100,13.0,6133.9,0.02,15.0,-
2026-06-18 19:29:53,0.100,13.1,6265.8,0.02,15.0,-
2026-06-18 19:30:12,0.100,13.1,6237.7,0.02,15.1,-
2026-06-18 19:30:31,0.100,13.1,6212.3,0.02,15.1,-
2026-06-18 19:30:51,0.100,13.1,6255.6,0.02,15.1,-
2026-06-18 19:31:10,0.100,13.4,6182.6,0.02,15.0,-
2026-06-18 19:31:29,0.100,12.8,6345.7,0.02,15.0,-
2026-06-18 19:31:54,0.100,12.8,6180.3,0.02,14.9,-
2026-06-18 19:32:19,0.100,13.2,6250.8,0.02,15.1,-
2026-06-18 19:32:47,0.100,13.1,6229.2,0.02,15.0,-
2026-06-18 19:33:14,0.100,12.9,6155.8,0.02,15.2,-
2026-06-18 19:33:35,0.100,12.7,6219.5,0.02,15.0,-
2026-06-18 19:33:55,0.100,12.8,6208.1,0.02,14.9,-
2026-06-18 19:34:20,0.100,13.1,6258.7,0.02,14.9,-
2026-06-18 19:34:46,0.100,13.0,6226.9,0.02,15.2,-
2026-06-18 19:35:05,0.100,13.1,6140.7,0.02,15.0,-
2026-06-18 19:35:25,0.100,13.0,6167.2,0.02,15.0,-
2026-06-18 19:35:56,0.100,13.2,6290.9,0.02,15.0,-
2026-06-18 19:36:19,0.100,13.0,6267.9,0.02,15.0,-
2026-06-18 19:36:37,0.100,13.2,6362.6,0.02,15.2,-
2026-06-18 19:36:53,0.100,12.5,6133.9,0.02,15.0,-
2026-06-18 19:37:11,0.100,12.8,-11.0,0.00,15.1,-
2026-06-18 19:37:31,0.100,13.4,6252.4,0.02,15.1,-
2026-06-18 19:41:16,0.100,11.8,6251.8,0.02,15.1,-
2026-06-18 19:42:01,0.100,11.8,6335.1,0.02,15.2,-
2026-06-18 19:42:31,0.100,11.9,6112.5,0.02,15.2,-
2026-06-18 19:43:02,0.100,11.5,6268.6,0.02,14.9,-
2026-06-18 19:43:22,0.100,11.9,6248.0,0.02,15.1,-
2026-06-18 19:43:43,0.100,11.9,6327.7,0.02,15.2,-
2026-06-18 19:44:01,0.100,11.4,6220.9,0.02,14.9,-
2026-06-18 19:45:52,0.100,12.0,6315.6,0.02,15.1,-
2026-06-18 19:46:06,0.100,11.9,-20.9,0.00,15.1,-
2026-06-18 19:47:43,0.100,11.5,6379.1,0.02,15.1,-
2026-06-18 19:48:22,0.100,15.6,6403.8,0.02,15.8,-
2026-06-18 19:48:42,0.100,15.3,6257.2,0.02,15.7,-
2026-06-18 19:49:06,0.100,15.3,6197.0,0.02,15.8,-
2026-06-18 19:49:28,0.100,15.7,6270.9,0.03,15.9,-
2026-06-18 19:49:52,0.100,15.4,6187.9,0.02,15.6,-
2026-06-18 19:50:10,0.100,15.6,6194.5,0.03,15.7,-
2026-06-18 19:50:35,0.100,15.7,6239.8,0.03,15.6,-
2026-06-18 19:50:55,0.100,15.4,6228.8,0.02,15.6,-
2026-06-18 19:52:15,0.100,15.7,6372.2,0.02,15.5,-
2026-06-18 19:53:16,0.100,15.6,6336.2,0.02,15.7,-
2026-06-18 19:53:39,0.100,16.0,6224.4,0.03,15.6,-
2026-06-18 19:54:11,0.100,15.8,6324.8,0.02,15.5,-
2026-06-18 19:54:35,0.100,15.5,6281.9,0.03,15.5,-
2026-06-18 19:55:03,0.100,15.7,6155.1,0.03,15.4,-
2026-06-18 19:55:26,0.100,15.6,6303.5,0.02,15.5,-
2026-06-18 19:55:53,0.100,15.3,9613.6,0.02,15.5,-
2026-06-18 19:56:40,0.100,15.2,6229.2,0.02,15.5,-
2026-06-18 19:57:00,0.100,15.7,6479.7,0.02,15.4,-
2026-06-18 19:57:29,0.100,15.6,6353.1,0.02,15.5,-
2026-06-18 19:57:51,0.100,15.4,6380.4,0.02,15.6,-
